description,metric,n,range,mean,median,SD,CV_pct,MedianCV_pct,CI_95_lower,CI_95_upper,CI_width,mean_median_diff_pct
9_2.txt,model_eval_1,9,0.11865727366609757,0.6514991609101402,0.6435253177221705,0.03924145899817328,6.023255493276954,3.777058509735043,0.621335505336396,0.6816628164838843,0.06032731114748824,1.2390877201527957
1_1.txt,model_eval_1,10,0.05288357541083921,0.5799728658698096,0.5858720653686484,0.01850560321792643,3.190770518233263,1.4101120125181916,0.5667347548087129,0.5932109769309062,0.02647622212219325,1.0069091611539671
1_3.txt,model_eval_1,10,0.1415556342663562,0.8016766576910397,0.8134398805678871,0.044427568625157496,5.541831385376267,2.5535726885725625,0.7698950896595477,0.8334582257225317,0.06356313606298403,1.4461084534772413
3_8.txt,model_eval_1,10,0.08573958481226418,0.9061675907604535,0.9047920536518955,0.029595717276137346,3.266031314505598,3.1647918415642198,0.8849960900198134,0.9273390915010936,0.04234300148128023,0.15202798289464137
5_2.txt,model_eval_1,10,0.20195158771536492,0.8313856216387141,0.841308195377998,0.06056654855836233,7.285012752443541,4.557838946504111,0.788058922856682,0.8747123204207462,0.0866533975640642,1.1794219756560977
8_2.txt,model_eval_1,10,0.097607687576031,0.75621320528485,0.7502428587357208,0.032207348415553325,4.259030150554099,2.7959637617329554,0.7331734561727806,0.7792529543969194,0.046079498224138815,0.7957885209584254
10_13.txt,model_eval_1,10,0.11828415569282202,0.6271788561308498,0.6313528342842133,0.03880377561874482,6.187035044218566,2.7008992066105146,0.5994203072642446,0.654937404997455,0.05551709773321045,0.6611165621986469
10_11.txt,model_eval_1,10,0.12073436557675121,0.7581146811601733,0.7616937575803286,0.03530172689896521,4.656515402780694,3.0562301762188384,0.7328613470303081,0.7833680152900385,0.05050666825973038,0.46988391128804313
10_6.txt,model_eval_1,10,0.13253880583688904,0.9118718431624118,0.9077368150159804,0.03534658080529519,3.8762662835066477,2.252137575340381,0.8865864224808937,0.9371572638439298,0.050570841363036134,0.45553161202992654
6_1.txt,model_eval_1,9,0.17671981047033003,0.7378790853868815,0.7396824742642423,0.05873173246834763,7.9595334291869335,7.0840485000619635,0.6927338794069767,0.7830242913667863,0.09029041195980958,0.24380581399533313
8_3.txt,model_eval_1,10,0.22633873457148057,0.8325863507933576,0.8458313628523336,0.06575109018896014,7.897209716002072,3.2379337605679424,0.785550854351585,0.8796218472351303,0.09407099288354526,1.5659164037510775
10_1.txt,model_eval_1,10,0.22776520864756167,0.911617877894306,0.93195802474768,0.06084340939499126,6.674222925018756,0.6015238160418016,0.8680931248007986,0.9551426309878135,0.0870495061870149,2.1825174861154135
9_5.txt,model_eval_1,10,0.1049623362976676,0.6393875167733866,0.6510373209858127,0.03440521032808935,5.380963723175618,2.9931120105070845,0.6147755119638146,0.6639995215829585,0.04922400961914386,1.78942187135843
1_2.txt,model_eval_1,10,0.14336565395525158,0.6877793762904095,0.6916135850719365,0.03994717965998734,5.808138632397717,3.9356375286966916,0.6592028854465867,0.7163558671342324,0.05715298168764571,0.5543859843539878
9_3.txt,model_eval_1,10,0.06554604223548277,0.743582716078498,0.7355589068640891,0.02073195290195613,2.7881165677561977,0.0,0.7287519703958252,0.7584134617611709,0.029661491365345682,1.090845225247406
10_14.txt,model_eval_1,9,0.23925839927602344,0.7054039202601368,0.721736253442816,0.08466325570345368,12.002096000860304,9.408340125367232,0.6403259810094661,0.7704818595108074,0.13015587850134125,2.2629226541927157
3_3.txt,model_eval_1,10,0.06349065260238929,0.6970344075942969,0.713905224378682,0.025557378124269982,3.6665877388287327,1.0190387896775912,0.6787517606545967,0.7153170545339971,0.03656529387940033,2.36317317877424
10_12.txt,model_eval_1,10,0.21169395846578298,0.863220550379588,0.8679385230983367,0.06701458999719814,7.763321895861898,5.100990461812562,0.8152812006242997,0.9111599001348764,0.0958786995105767,0.5435837439161805
10_7.txt,model_eval_1,10,0.2629899144644451,0.7498759604076726,0.7345445088638908,0.07350563805478277,9.802372917091674,3.0774670312426573,0.6972931945974036,0.8024587262179416,0.10516553162053799,2.087205248800338
10_5.txt,model_eval_1,10,0.16799109174322402,0.8931505888016114,0.8987721539816671,0.0490820588860256,5.4953844851495495,3.185910195352023,0.8580393990182341,0.9282617785849886,0.07022237956675448,0.6254716676692245
3_2.txt,model_eval_1,10,0.025919069046647536,0.9601845196206048,0.9705521472392638,0.013384549702248807,1.3939559979093818,0.0,0.9506097895577935,0.9697592496834161,0.019149460125622575,1.0682195334016489
10_8.txt,model_eval_1,9,0.25714995904447846,0.8468214754487371,0.8490343052656731,0.07719562026481655,9.115926142981909,3.504818575776769,0.7874836689319646,0.9061592819655095,0.1186756130335449,0.2606290232576203
9_4.txt,model_eval_1,10,0.0879926717757128,0.9069534536759033,0.918493448044642,0.0277069660301307,3.05494906247214,1.3128760933430494,0.8871330841827547,0.9267738231690519,0.039640738986297164,1.256404647556916
10_10.txt,model_eval_1,10,0.12600658140801257,0.7040725303565725,0.6981560351869393,0.038803405542364125,5.511279572675903,3.5695344918674037,0.6763142462266619,0.731830814486483,0.0555165682598211,0.8474459678700634
3_7.txt,model_eval_1,10,0.04237842611357856,0.8849401247337179,0.8815858249605101,0.012735856189174425,1.4391771638794995,0.0,0.8758294420553427,0.894050807412093,0.01822136535675023,0.3804847671363175
7_1.txt,model_eval_1,10,0.10832786236946401,0.8349750461884842,0.8322951458667396,0.02987961076542064,3.5785034417274946,1.3754240545562835,0.8136004602797251,0.8563496320972432,0.04274917181751814,0.3219891807675726
6_4.txt,model_eval_1,10,0.15702739044477643,0.6557019560784528,0.6643221991963759,0.049563430234682855,7.558835195659038,5.762358958007808,0.6202464139764772,0.6911574981804285,0.07091108420395131,1.297599738252148
3_1.txt,model_eval_1,9,0.11473444003490318,0.8091130936529898,0.8425473480622481,0.046180724777954284,5.70757353208279,1.1031512362444575,0.7736154462180937,0.8446107410878858,0.07099529486979206,3.9682344839317136
6_3.txt,model_eval_1,10,0.13964132491051218,0.8539113334288466,0.8504192038145333,0.04562145927064867,5.3426459498385555,3.0003517386041008,0.8212757074791287,0.8865469593785645,0.06527125189943583,0.41063626017021676
1_4.txt,model_eval_1,10,0.08790206365637943,0.8408931779833365,0.8480880071234207,0.03000786544067616,3.5685704470384954,2.4576193488505074,0.8194268442069104,0.8623595117597627,0.0429326675528523,0.8483587881979245
3_6.txt,model_eval_1,10,0.11895017803230112,0.8913634925542263,0.9104266365341218,0.037328417003937235,4.187788406834079,0.9176225574431646,0.864660351661507,0.9180666334469456,0.0534062817854386,2.093869315210994
9_1.txt,model_eval_1,10,0.2590164948404059,0.6210871878176245,0.6127147251734835,0.07021087926204607,11.30451257717181,6.422868804933048,0.5708613504632474,0.6713130251720016,0.10045167470875427,1.366453636603963
5_4.txt,model_eval_1,10,0.11827524902933872,0.6613311135095822,0.6678773813260843,0.034392037661729984,5.200426376314997,2.2579132962987463,0.6367285318578605,0.6859336951613039,0.04920516330344338,0.9801601311163418
6_2.txt,model_eval_1,10,0.06621918700320273,0.8594026026673894,0.8412483888325761,0.026707367244357762,3.1076665536576447,0.2513945704722957,0.8402973030688434,0.8785079022659354,0.03821059919709202,2.158008749354803
9_2.txt,model_eval_2,9,0.12707431457431462,0.5857625160302253,0.5835557475678445,0.04672725956579133,7.977167928474994,6.871694191648435,0.5498447647684009,0.6216802672920497,0.07183550252364879,0.37815897993949954
1_1.txt,model_eval_2,10,0.031926406926406914,0.6022628870707619,0.6097667855020796,0.012795427435800337,2.1245585126511304,0.6212012326581317,0.5931095896897156,0.6114161844518082,0.01830659476209262,1.2306177721928608
1_3.txt,model_eval_2,10,0.14952143488327707,0.7909151004445782,0.7948247827408044,0.04240886323740604,5.361999437558817,2.630161949478088,0.7605776272533344,0.821252573635822,0.060674946382487605,0.49189234924763137
3_8.txt,model_eval_2,10,0.10379008972475401,0.8568621866265447,0.8435769740443062,0.03505178184650288,4.090714048720167,2.714749597357182,0.8317876524160717,0.8819367208370177,0.05014906842094602,1.5748666678923253
5_2.txt,model_eval_2,10,0.23696050326485107,0.8493055887349366,0.8511695731804427,0.07086853060481338,8.344291094372046,4.021077768123506,0.7986092959507899,0.9000018815190832,0.10139258556829334,0.2189909630511451
8_2.txt,model_eval_2,10,0.08549450549450544,0.7371807134436446,0.7426419413919414,0.027060922701386863,3.670866886217798,2.8546238123716856,0.7178224955072692,0.7565389313800199,0.038716435872750754,0.7353783356297933
10_13.txt,model_eval_2,10,0.17380952380952375,0.5207270507270507,0.5170024420024419,0.048673552045178675,9.347229412649021,3.887937651295988,0.4859080891334096,0.5555460123206919,0.06963792318728229,0.7204238166037884
10_11.txt,model_eval_2,10,0.1880406705003479,0.7033854506137498,0.7196048225247336,0.06463177784179584,9.188671415566017,5.607088768166689,0.6571506619894594,0.7496202392380402,0.09246957724858085,2.2539276285111742
10_6.txt,model_eval_2,10,0.1411458333333333,0.8741644782913166,0.857998511904762,0.04354191424305297,4.980975013782539,3.1681336628654924,0.8430164692383663,0.905312487344267,0.062296018105900686,1.8841485343215933
6_1.txt,model_eval_2,9,0.18290464490623415,0.7627686446726591,0.777708024928996,0.05716641511357011,7.494594266929126,3.683618896929276,0.7188266481237623,0.806710641221556,0.08788399309779371,1.9209497365930934
8_3.txt,model_eval_2,10,0.25370110455183037,0.8084210637652213,0.8272838680926916,0.07167262382962077,8.865754127657869,2.7311148525310145,0.7571495573396644,0.8596925701907782,0.10254301285111378,2.280088498638159
10_1.txt,model_eval_2,10,0.23108974358974355,0.8647582350247791,0.861904761904762,0.056638017141469384,6.549578234412125,2.1185407864803367,0.8242418383221441,0.9052746317274141,0.08103279340526992,0.33106594210143825
9_5.txt,model_eval_2,10,0.14809747544122553,0.6521630684416321,0.6546813602173038,0.0432441283359623,6.630876605646462,3.953068173850204,0.6212280825938198,0.6830980542894444,0.06186997169562458,0.3846591530933271
1_2.txt,model_eval_2,10,0.12076330532212887,0.6692258358686377,0.6670717988152198,0.031961709836625905,4.7759228833627505,1.749982351896835,0.6463618060103768,0.6920898657268986,0.04572805971652172,0.3229093265887787
9_3.txt,model_eval_2,10,0.10016012252854356,0.7602805625174045,0.7579365079365078,0.024119629506080594,3.172464310571986,0.0,0.7430264189807759,0.7775347060540331,0.03450828707325715,0.30926793423349186
10_14.txt,model_eval_2,9,0.24110270013802626,0.6179850929358411,0.5971901498217289,0.07622659330102606,12.3346977414777,4.618383565221637,0.5593921464809437,0.6765780393907386,0.11718589290979486,3.482130962863313
3_3.txt,model_eval_2,10,0.05185680332739151,0.7400666327136916,0.7428921568627451,0.0153826017272965,2.0785428024083803,0.7258330583965662,0.7290625823362737,0.7510706830911094,0.022008100754835613,0.38034109297718804
10_12.txt,model_eval_2,10,0.17111908559276978,0.8565756895860419,0.8434151785714286,0.05787458720200943,6.75650592301756,6.586976019290426,0.815174703950883,0.8979766752212008,0.08280197127031785,1.5603834681875828
10_7.txt,model_eval_2,10,0.22189980158730171,0.7183228042487417,0.7066485577800234,0.0644249320325059,8.968799493966332,3.3290299176756015,0.672235984202598,0.7644096242948855,0.09217364009228746,1.6520583450129147
10_5.txt,model_eval_2,10,0.19529914529914538,0.8466005059755058,0.8542022792022792,0.05939135038199941,7.015274614508408,5.286417076628029,0.8041144933248191,0.8890865186261926,0.08497202530137349,0.8899265913774528
3_2.txt,model_eval_2,10,0.023571428571428577,0.9405714285714284,0.95,0.012172233373794741,1.2941317377971324,0.0,0.9318639373663977,0.9492789197764591,0.01741498241006134,0.9924812030075331
10_8.txt,model_eval_2,9,0.3047537878787878,0.7911086920326051,0.8126144688644688,0.09140067572301817,11.553491529486463,4.037188336385392,0.7208519133066935,0.8613654707585168,0.14051355745182326,2.646491990465707
9_4.txt,model_eval_2,10,0.08541221935958776,0.9054754152223193,0.9180214424951266,0.027571015489764223,3.0449214883426485,0.8444336773547211,0.8857522988870923,0.9251985315575464,0.03944623267045411,1.3666377158585696
10_10.txt,model_eval_2,10,0.1279874678253614,0.6378693512322018,0.6406307678110004,0.035720034573048724,5.59989823998389,3.7559381463119954,0.6123167778188605,0.6634219246455431,0.051105146826682546,0.43104651189860704
3_7.txt,model_eval_2,10,0.04853826728826738,0.917138209013209,0.913053613053613,0.01475704661987937,1.609031929414123,0.0,0.9065816538019472,0.9276947642244707,0.021113110422523507,0.44735554420900603
7_1.txt,model_eval_2,10,0.15816017316017317,0.7857056041784303,0.7553030303030303,0.05174622906187599,6.585956468515229,1.505588193150877,0.7486885818610773,0.8227226264957832,0.07403404463470586,4.025215397746041
6_4.txt,model_eval_2,10,0.12134826978576974,0.663316569615048,0.6607602818608986,0.03522396514108173,5.310279699710164,2.969686724377874,0.6381188628957053,0.6885142763343908,0.05039541343868548,0.38687067372604916
3_1.txt,model_eval_2,9,0.0763558201058201,0.7067055369065224,0.719375431331953,0.030484118671011813,4.31355311074123,2.7171523364112464,0.6832733690020532,0.7301377048109916,0.04686433580893845,1.7612353541143075
6_3.txt,model_eval_2,10,0.16794046604148893,0.8805625232965385,0.8884523809523809,0.055747539864273776,6.330900803678675,2.8591049175934655,0.8406831356637553,0.9204419109293217,0.0797587752655664,0.8880450798482648
1_4.txt,model_eval_2,10,0.2193999474789916,0.7603406938863798,0.7519410226211696,0.06955786053507933,9.14824908023055,4.311432541434197,0.7105819979880664,0.8100993897846932,0.09951739179662678,1.1170651703414274
3_6.txt,model_eval_2,10,0.12357252040601185,0.8944254126381737,0.9158088235294116,0.03966536744717331,4.434731715658367,1.4195188700828423,0.8660505181069742,0.9228003071693731,0.056749789062398914,2.334920819918397
9_1.txt,model_eval_2,10,0.2075099736864442,0.6622930937923093,0.6544467675427428,0.06687749425063369,10.097869791709774,8.43147231237131,0.614451816426105,0.7101343711585135,0.0956825547324085,1.1989250522280317
5_4.txt,model_eval_2,10,0.17267987141711227,0.6918012667185277,0.7024330384730829,0.048631676395944956,7.029717743452999,3.1110417080362165,0.657012261159758,0.7265902722772974,0.06957801111753947,1.5135637380704745
6_2.txt,model_eval_2,10,0.15085470085470087,0.7529202279202278,0.7227207977207977,0.06504371361315185,8.638858567104835,3.5182812653986426,0.7063907581970815,0.7994496976433741,0.09305893944629262,4.178574948260565
9_2.txt,text_eval_1,10,0.05046546459197998,0.8854501903057098,0.8835234344005585,0.016895286794792085,1.9081013228941575,1.3026895553675528,0.8733640302187003,0.8975363503927193,0.024172320174018935,0.21807637807123764
1_1.txt,text_eval_1,10,0.021891653537750244,0.8264212906360626,0.8287040591239929,0.006848119303443581,0.828647492633311,0.28818240672551726,0.8215224411994332,0.8313201400726921,0.009797698873258875,0.27546244799903213
1_3.txt,text_eval_1,10,0.11188304424285889,0.9116245090961457,0.9284880757331848,0.03604934564041103,3.954407245605224,0.8444902228831492,0.8858363607365541,0.9374126574557372,0.05157629671918307,1.8162394410636613
3_8.txt,text_eval_1,10,0.022186219692230225,0.9681556761264801,0.969812661409378,0.00716054144441795,0.7396064105172374,0.5569163302271778,0.9630333333537265,0.9732780188992337,0.01024468554550717,0.17085622294205943
5_2.txt,text_eval_1,10,0.021389663219451904,0.9454470992088317,0.9449935257434845,0.0067637824892862455,0.7154057054007895,0.5715083872351711,0.9406085806946374,0.9502856177230261,0.009677037028388735,0.04799752093437799
8_2.txt,text_eval_1,10,0.03617507219314575,0.8658257722854614,0.8663313388824463,0.011827389036017561,1.3660241372577309,0.8867065603605404,0.8573649678589446,0.8742865767119783,0.01692160885303373,0.05835718671300016
10_13.txt,text_eval_1,10,0.04402285814285278,0.886134272813797,0.8905147016048431,0.013655216717321266,1.540987312674524,0.38413404766251413,0.8763659192325352,0.8959026263950588,0.019536707162523648,0.49189853723380034
10_11.txt,text_eval_1,10,0.0634034276008606,0.9146656632423401,0.9162944257259369,0.021562222481778585,2.3573884259898894,2.036695231166829,0.8992409784819239,0.9300903480027564,0.030849369520832504,0.17775536310901244
10_6.txt,text_eval_1,10,0.041307687759399414,0.8970471739768981,0.8953441679477692,0.011275255074285607,1.2569300033908786,0.7906096526068755,0.8889813423929271,0.9051130055608692,0.016131663167942012,0.19020686012089272
6_1.txt,text_eval_1,9,0.08134925365447998,0.866154842906528,0.8781574368476868,0.029439848934751454,3.398912928312113,1.196772939618627,0.8435253717787538,0.8887843140343022,0.045258942255548495,1.3667929505037688
8_3.txt,text_eval_1,10,0.06767064332962036,0.8464426219463348,0.8491487205028534,0.022169574508366197,2.6191467600472236,2.1390599551049965,0.8305834637193439,0.8623017801733257,0.03171831645398182,0.31868369947211217
10_1.txt,text_eval_1,10,0.0654558539390564,0.8683101296424866,0.8689991533756256,0.018806969724800667,2.1659277120887848,1.511013512125493,0.8548564339694692,0.8817638253155039,0.026907391346034704,0.07928934458250608
9_5.txt,text_eval_1,10,0.04352051019668579,0.8975712060928345,0.8972483575344086,0.01485696800688429,1.6552411559142257,1.5578879077881076,0.8869431714273246,0.9081992407583444,0.021256069331019756,0.03598207293609032
1_2.txt,text_eval_1,10,0.07385563850402832,0.837409782409668,0.8302917182445526,0.025274635601135607,3.018192064631392,2.3978276786903585,0.8193293972865037,0.8554901675328324,0.03616077024632869,0.8572967799997807
9_3.txt,text_eval_1,10,0.03129076957702637,0.9400936484336853,0.940738320350647,0.008589375330316784,0.9136723075012546,0.4537263898999998,0.9339491794731691,0.9462381173942014,0.01228893792103225,0.06852829347075198
10_14.txt,text_eval_1,9,0.10161560773849487,0.9156458245383369,0.9252434372901917,0.030344519501744667,3.314001843130142,1.2530302597904825,0.8923209620544014,0.9389706870222724,0.04664972496787101,1.0373067632842448
3_3.txt,text_eval_1,10,0.0467337965965271,0.9427841663360595,0.946620523929596,0.014531533812272028,1.5413425820191595,0.7860137012151818,0.9323889332691045,0.9531793994030145,0.02079046613391,0.4052687953152519
10_12.txt,text_eval_1,10,0.02076953649520874,0.9204034030437469,0.9214364290237427,0.006120841673542367,0.6650172797385281,0.5308057926645069,0.9160248166822254,0.9247819894052685,0.008757172723043105,0.11211039063109952
10_7.txt,text_eval_1,10,0.05703610181808472,0.8995923459529876,0.9046802520751953,0.01867064017235038,2.0754556501446824,1.823034710201913,0.8862361745668035,0.9129485173391718,0.026712342772368336,0.5623982739246051
10_5.txt,text_eval_1,10,0.026269376277923584,0.944693100452423,0.946431577205658,0.00833539462410421,0.8823388908114503,0.6569863992709128,0.9387303183440794,0.9506558825607667,0.011925564216687334,0.18368752639971772
3_2.txt,text_eval_1,10,0.05618643760681152,0.9005116522312164,0.8984475433826447,0.017055938622139197,1.8940275320013178,0.9580521670273395,0.8883105687500574,0.9127127357123754,0.024402166962318006,0.22974172101360882
10_8.txt,text_eval_1,10,0.04620486497879028,0.9383132576942443,0.940477192401886,0.013592993254578826,1.4486626020804019,0.7224061669899634,0.9285894160967687,0.94803709929172,0.01944768319495127,0.23008901493030048
9_4.txt,text_eval_1,10,0.09972739219665527,0.8986128211021424,0.8992016911506653,0.02828053137344523,3.147131969334619,2.0273462308120567,0.8783821476796283,0.9188434945246564,0.04046134684502811,0.06548809397470974
10_10.txt,text_eval_1,10,0.04041409492492676,0.893708473443985,0.8983543217182159,0.013389818268570107,1.4982310973254234,0.8972534257411541,0.8841299744758712,0.9032869724120988,0.019156997936227604,0.5171509906408874
3_7.txt,text_eval_1,10,0.03123396635055542,0.8860613763332367,0.8868121802806854,0.010387537825714917,1.1723271212544415,0.7645427404230185,0.87863057941358,0.8934921732528933,0.014861593839313292,0.08466324258323958
7_1.txt,text_eval_1,10,0.04615068435668945,0.8813198566436767,0.8849328756332397,0.016320073807760408,1.8517764787363369,1.2103388562179769,0.8696451791393444,0.8929945341480091,0.02334935500866475,0.40828170012077003
6_4.txt,text_eval_1,10,0.06016826629638672,0.8571449279785156,0.8609722256660461,0.018297317185257685,2.134681847608892,1.106636426314202,0.8440558157693058,0.8702340401877254,0.02617822441841966,0.4445320735601838
3_1.txt,text_eval_1,10,0.030142486095428467,0.9589560806751252,0.9605319797992706,0.008780979120191741,0.9156810512124547,0.330126135177034,0.9526745466203118,0.9652376147299385,0.012563068109626707,0.16406524272880435
6_3.txt,text_eval_1,10,0.04492294788360596,0.8673820197582245,0.8718875348567963,0.01313898395010534,1.5147862937910244,0.4934116921046234,0.8579829568520789,0.87678108266437,0.018798125812291122,0.5167541590454998
1_4.txt,text_eval_1,10,0.02703768014907837,0.8912245452404022,0.8902412056922913,0.007976592417849723,0.8950148938837953,0.4143475973684381,0.8855184347681802,0.8969306557126242,0.011412220944444051,0.11045765370366438
3_6.txt,text_eval_1,10,0.04412585496902466,0.943533718585968,0.9494178891181946,0.015092002915365579,1.59951919238067,0.6570293200483734,0.9327375500755318,0.9543298870964042,0.021592337020872376,0.6197661324552979
9_1.txt,text_eval_1,10,0.03167849779129028,0.9153586089611053,0.9191450476646423,0.010989225089251074,1.2005376889089834,0.6913144965256105,0.9074973909022435,0.9232198270199672,0.015722436117723726,0.4119522498823845
5_4.txt,text_eval_1,10,0.0969814658164978,0.8481317341327668,0.8507304489612579,0.033278653221079355,3.9237599398526815,2.7167976545182144,0.8243256197296648,0.8719378485358688,0.04761222880620397,0.3054686512824594
6_2.txt,text_eval_1,10,0.06688159704208374,0.9370663404464722,0.9468177258968353,0.021071322202083815,2.248647859023965,1.0206789558340559,0.9219928245912785,0.9521398563016659,0.03014703171038735,1.0299115852659524
9_2.txt,text_eval_2,10,0.1323755894388472,0.7305227142004739,0.7265451716052161,0.03980702223511872,5.449114922961132,3.55350806810623,0.7020464859384539,0.7589989424624939,0.05695245652404002,0.5474597796128519
1_1.txt,text_eval_2,10,0.09314273794492078,0.6382106453180313,0.6419084171454111,0.030328370142826733,4.7520940562991685,3.1327553096752245,0.6165150362895256,0.6599062543465369,0.043391218057011294,0.5760590963776369
1_3.txt,text_eval_2,10,0.1090233669831202,0.6058122545480729,0.6180901917127463,0.039347041283400885,6.494923301403535,6.760786908181278,0.5776650768364792,0.6339594322596666,0.05629435542318739,1.986431321721976
3_8.txt,text_eval_2,10,0.12220422095722627,0.9533238698092716,0.9816595613956451,0.0439335102286585,4.6084559109432695,0.6316716257786469,0.921895729863668,0.9847520097548753,0.06285627989120735,2.886508999727775
5_2.txt,text_eval_2,10,0.2524040639400482,0.7827235496044158,0.768777284026146,0.08168855287967988,10.43645012609686,5.59770519368611,0.724287079163187,0.8411600200456446,0.11687294088245759,1.8140839834954754
8_2.txt,text_eval_2,10,0.17215435419763836,0.7171390766189212,0.6849014759063721,0.05947482596858257,8.293346145490654,3.83239584967672,0.6745933491308922,0.7596848041069502,0.08509145497605797,4.706896078722435
10_13.txt,text_eval_2,10,0.23594237764676407,0.7383052316449937,0.7287533606801715,0.082828543285385,11.218739856527554,7.878398819941333,0.6790532611943034,0.797557202095684,0.11850394090138061,1.3107138135057297
10_11.txt,text_eval_2,10,0.3073937313897269,0.7348526728910114,0.7441417127847672,0.10231213354718614,13.922808927764546,9.689979960321454,0.661662981593439,0.8080423641885839,0.14637938259514494,1.2482891006060914
10_6.txt,text_eval_2,10,0.5055347084999084,0.6543569203217824,0.5601720839738846,0.17089279645613323,26.11614413309728,13.664257142499082,0.5321075781962483,0.7766062624473165,0.24449868425106813,16.813554092118714
6_1.txt,text_eval_2,9,0.12691205269411987,0.5909721582953693,0.5950239473267606,0.03738752695580462,6.32644472857184,4.87457587802314,0.5622335610403217,0.6197107555504169,0.05747719451009514,0.6809455400231462
8_3.txt,text_eval_2,10,0.15935796168115401,0.513340358592215,0.4968743643590382,0.050167223002833085,9.77270190491387,4.286308322384092,0.47745288916376805,0.5492278280206621,0.07177493885689401,3.3139150284836654
10_1.txt,text_eval_2,10,0.5284729301929474,0.6697503029164814,0.6694416616644179,0.17762143355271823,26.520545459890265,20.805939078413825,0.5426875837761349,0.7968130220568279,0.254125438280693,0.04610427909374018
9_5.txt,text_eval_2,10,0.13085116418925202,0.6031795424403567,0.5989995241165161,0.04304675641746752,7.136640649864886,5.435936976406616,0.5723857479574842,0.6339733369232291,0.0615875889657449,0.6978333296684605
1_2.txt,text_eval_2,10,0.09753387985807471,0.6077200427199856,0.6017419718431705,0.02899567704960132,4.771222768929053,2.9676327737890253,0.5869777848992582,0.628462300540713,0.04148451564145472,0.9934608447710479
9_3.txt,text_eval_2,10,0.2490544319152832,0.843380157550176,0.8665144681930542,0.07421251503892781,8.799414401033335,0.673136034637225,0.7902917224076272,0.8964685926927248,0.10617687028509759,2.669812391144518
10_14.txt,text_eval_2,9,0.2140788648809706,0.6485696655159217,0.6321077148119609,0.07545060593910591,11.633384962444513,8.004412389886186,0.590573195749509,0.7065661352823344,0.11599293953282541,2.6042951728342407
3_3.txt,text_eval_2,10,0.17463261882464098,0.8130587498346966,0.8041704048713049,0.07428009575408641,9.135882956697573,10.325176909006068,0.7599219703608486,0.8661955293085446,0.10627355894769597,1.1052812823687774
10_12.txt,text_eval_2,10,0.2567980442728316,0.7668683681885401,0.7914499839146932,0.06706643003912417,8.745494379634577,2.879223897800613,0.7188919343012542,0.814844802075826,0.09595286777457179,3.10589629486968
10_7.txt,text_eval_2,10,0.09361672827175682,0.5383676015479223,0.5285902214901788,0.032980215629608615,6.125965889251772,2.608180104334625,0.5147749765368801,0.5619602265589645,0.0471852500220844,1.8497088406553504
10_5.txt,text_eval_2,10,0.19889123439788814,0.8690132168928784,0.8716971516609192,0.06627955253361228,7.626990159090116,4.104692938754993,0.8215996812633134,0.9164267525224433,0.09482707125912992,0.30789761821831374
3_2.txt,text_eval_2,10,0.11656115055084226,0.7935891594489416,0.7853301366170248,0.032463681875700146,4.090741599625998,0.8820985727209985,0.7703660404259248,0.8168122784719584,0.04644623804603354,1.0516625361525411
10_8.txt,text_eval_2,10,0.2907348445483616,0.6664780574185507,0.6889551707676479,0.10003637908055193,15.009703315367922,9.61049506985728,0.5949163427949785,0.7380397720421229,0.14312342924714438,3.2624928736731493
9_4.txt,text_eval_2,10,0.1247092286745708,0.7856159343605951,0.7912012395404635,0.0355117588597186,4.520244219412539,2.4924507251176715,0.7602123524171305,0.8110195163040597,0.050807163886929185,0.7059272534902032
10_10.txt,text_eval_2,10,0.2580605149269104,0.6139249437926996,0.5972665448983511,0.07919901734801699,12.900439727817878,7.749684358612667,0.5572693797867051,0.670580507798694,0.11331112801198895,2.789106310513943
3_7.txt,text_eval_2,10,0.10127258896827696,0.8330306881666184,0.8428116083145142,0.029665388626342496,3.5611399493134854,0.40222856915094485,0.8118093475444607,0.8542520287887762,0.042442681244315494,1.1605108486172875
7_1.txt,text_eval_2,10,0.16359997647149227,0.6628821505440605,0.659545762198312,0.057666785295453014,8.699402336919617,5.812403252903509,0.6216298174378306,0.7041344836502904,0.08250466621245978,0.5058615394067805
6_4.txt,text_eval_2,10,0.16190878465062097,0.6088105592273529,0.5946546069213322,0.05327654404316992,8.750923129648683,5.477988243924332,0.570698815519821,0.6469223029348848,0.0762234874150638,2.380533530095639
3_1.txt,text_eval_2,10,0.2560499863965171,0.7534859768454991,0.7659416369029454,0.07877681638381857,10.454981088516211,8.699157818714456,0.6971324372149516,0.8098395164760467,0.11270707926109513,1.6261891843104674
6_3.txt,text_eval_2,10,0.1714470783869425,0.6281354543235568,0.6223925915029314,0.05940952759723289,9.4580758319416,5.869360760720359,0.5856364384764214,0.6706344701706921,0.08499803169427067,0.9227074516998599
1_4.txt,text_eval_2,10,0.14969445358623168,0.6137940908020193,0.6248713379556483,0.045527291307327904,7.417355753268866,6.8021231392329895,0.5812258285551841,0.6463623530488545,0.06513652449367036,1.772724476348961
3_6.txt,text_eval_2,10,0.15162835319836943,0.7087996875758124,0.698778940571679,0.04700747335680171,6.631982798634324,4.107550824959043,0.6751725668777923,0.7424268082738325,0.06725424139604019,1.4340367779165282
9_1.txt,text_eval_2,10,0.19884043637212812,0.6238485518998,0.6060690685655132,0.06316455080915609,10.124981554706135,5.192442630897602,0.5786633542659353,0.6690337495336648,0.0903703952677295,2.933573788276068
5_4.txt,text_eval_2,10,0.14084389805793762,0.6146908670663833,0.6059652119874954,0.04367546866565033,7.105273724675921,6.070245499904502,0.583447318934905,0.6459344151978617,0.062487096262956676,1.4399597379969655
6_2.txt,text_eval_2,10,0.1661973536014557,0.7935331702232362,0.7746503680944443,0.05370091398561206,6.767318116078873,1.5111807361357488,0.755117850546692,0.8319484898997804,0.07683063935308843,2.437590286730456
